<?xml version='1.0' encoding='UTF-8'?>
<ExtensionManifest ExtensionBundleId="com.$BOMBINO_NAME$" ExtensionBundleVersion="1.0.0" ExtensionBundleName="$BOMBINO_NAME$" Version="8.0" xmlns:xsi="http://www.w3.org/2001/XMLSchema-instance">
  <ExtensionList>
    <Extension Id="com.$BOMBINO_NAME$.panel" Version="1.0.0" />
    <Extension Id="com.$BOMBINO_NAME$.modal" Version="1.0.0" />
  </ExtensionList>
  <ExecutionEnvironment>
    <HostList>
      $BOMBINO_HOSTLIST$
    </HostList>
    <LocaleList>
      <Locale Code="All" />
    </LocaleList>
    <RequiredRuntimeList>
      <RequiredRuntime Name="CSXS" Version="8.0" />
    </RequiredRuntimeList>
  </ExecutionEnvironment>
  <DispatchInfoList>
    <Extension Id="com.$BOMBINO_NAME$.panel">
      <DispatchInfo>
        <Resources>
          <MainPath>./src/index-dev.html</MainPath>
          <!-- <MainPath>./dist/spa/index.html</MainPath> -->
          <CEFCommandLine>
            <Parameter>--enable-nodejs</Parameter>
            <Parameter>--mixed-context</Parameter>
          </CEFCommandLine>
        </Resources>
        <Lifecycle>
          <AutoVisible>true</AutoVisible>
        </Lifecycle>
        <UI>
          <Type>Panel</Type>
          <Menu>$BOMBINO_TITLE$</Menu>
          <Geometry>
            <Size>
              <Height>400</Height>
              <Width>280</Width>
            </Size>
            <MaxSize>
              <Height>500</Height>
              <Width>598</Width>
            </MaxSize>
            <MinSize>
              <Height>300</Height>
              <Width>260</Width>
            </MinSize>
          </Geometry>
          <Icons />
        </UI>
      </DispatchInfo>
    </Extension>
    <Extension Id="com.$BOMBINO_NAME$.modal">
      <DispatchInfo>
        <Resources>
          <MainPath>./src/index-dev.html</MainPath>
          <!-- <MainPath>./dist/spa/index.html</MainPath> -->
          <CEFCommandLine>
            <Parameter>--enable-nodejs</Parameter>
            <Parameter>--mixed-context</Parameter>
          </CEFCommandLine>
        </Resources>
        <Lifecycle>
          <AutoVisible>true</AutoVisible>
        </Lifecycle>
        <UI>
          <Type>ModalDialog</Type>
          <Geometry>
            <Size>
              <Height>500</Height>
              <Width>600</Width>
            </Size>
          </Geometry>
          <Icons />
        </UI>
      </DispatchInfo>
    </Extension>
  </DispatchInfoList>
</ExtensionManifest>
